[{"model": "auth.user", "pk": 63, "fields": {"password": "pbkdf2_sha256$100000$Ousrdf7J7s8o$FqDEHyhASDP5EH8GKukzC8+6a/J100Pso+FYcJCielI=", "last_login": null, "is_superuser": false, "username": "bart", "first_name": "", "last_name": "", "email": "bart@simpson.net", "is_staff": false, "is_active": true, "date_joined": "2018-07-05T06:34:32.806Z", "groups": [], "user_permissions": []}}, {"model": "auth.user", "pk": 64, "fields": {"password": "pbkdf2_sha256$100000$v9I9GRu9ac6D$kBSk+uxSqBROnWABOVFBlRxa5tP027bJRacajlRnsPg=", "last_login": null, "is_superuser": false, "username": "lisa", "first_name": "", "last_name": "", "email": "lisa@simpson.net", "is_staff": false, "is_active": true, "date_joined": "2018-07-05T06:34:33.182Z", "groups": [], "user_permissions": []}}, {"model": "auth.user", "pk": 65, "fields": {"password": "pbkdf2_sha256$100000$nJQ0I4fMdKm6$Ceot1fGgWe/YVDDGYsW/Q5GQX4JvNewKPZfTDqs9cm4=", "last_login": null, "is_superuser": false, "username": "milhouse", "first_name": "", "last_name": "", "email": "milhouse@simpson.net", "is_staff": false, "is_active": true, "date_joined": "2018-07-05T06:34:33.526Z", "groups": [], "user_permissions": []}}, {"model": "inventario_cei.profile", "pk": "387654322", "fields": {"user": 64, "name": "bart simpson", "mail": "lisa@simpson.net", "photo": ""}}, {"model": "inventario_cei.profile", "pk": "487654313", "fields": {"user": 65, "name": "bart simpson", "mail": "milhouse@simpson.net", "photo": ""}}, {"model": "inventario_cei.profile", "pk": "987654331", "fields": {"user": 63, "name": "bart simpson", "mail": "bart@simpson.net", "photo": ""}}, {"model": "inventario_cei.space", "pk": 70, "fields": {"name": "sala01", "description": "", "image": "https://www.hotelsaratoga.com/.imaging/stk/hTtGeneric/bootstrapGalleryImageBig/dms/monoHotel-Hotel-Saratoga/servicios/sala-conferencias/saladeconferencias/document/saladeconferencias.jpg", "condition": "", "capacity": 100}}, {"model": "inventario_cei.space", "pk": 71, "fields": {"name": "sala02", "description": "", "image": "https://www.hotelsaratoga.com/.imaging/stk/hTtGeneric/bootstrapGalleryImageBig/dms/monoHotel-Hotel-Saratoga/servicios/sala-conferencias/saladeconferencias/document/saladeconferencias.jpg", "condition": "", "capacity": 100}}, {"model": "inventario_cei.space", "pk": 72, "fields": {"name": "sala03", "description": "", "image": "https://www.hotelsaratoga.com/.imaging/stk/hTtGeneric/bootstrapGalleryImageBig/dms/monoHotel-Hotel-Saratoga/servicios/sala-conferencias/saladeconferencias/document/saladeconferencias.jpg", "condition": "", "capacity": 100}}, {"model": "inventario_cei.space", "pk": 73, "fields": {"name": "sala01", "description": "", "image": "https://www.hotelsaratoga.com/.imaging/stk/hTtGeneric/bootstrapGalleryImageBig/dms/monoHotel-Hotel-Saratoga/servicios/sala-conferencias/saladeconferencias/document/saladeconferencias.jpg", "condition": "", "capacity": 100}}, {"model": "inventario_cei.space", "pk": 74, "fields": {"name": "sala02", "description": "", "image": "https://www.hotelsaratoga.com/.imaging/stk/hTtGeneric/bootstrapGalleryImageBig/dms/monoHotel-Hotel-Saratoga/servicios/sala-conferencias/saladeconferencias/document/saladeconferencias.jpg", "condition": "", "capacity": 100}}, {"model": "inventario_cei.space", "pk": 75, "fields": {"name": "sala03", "description": "", "image": "https://www.hotelsaratoga.com/.imaging/stk/hTtGeneric/bootstrapGalleryImageBig/dms/monoHotel-Hotel-Saratoga/servicios/sala-conferencias/saladeconferencias/document/saladeconferencias.jpg", "condition": "", "capacity": 100}}, {"model": "inventario_cei.space", "pk": 76, "fields": {"name": "sala01", "description": "", "image": "https://www.hotelsaratoga.com/.imaging/stk/hTtGeneric/bootstrapGalleryImageBig/dms/monoHotel-Hotel-Saratoga/servicios/sala-conferencias/saladeconferencias/document/saladeconferencias.jpg", "condition": "", "capacity": 100}}, {"model": "inventario_cei.space", "pk": 77, "fields": {"name": "sala02", "description": "", "image": "https://www.hotelsaratoga.com/.imaging/stk/hTtGeneric/bootstrapGalleryImageBig/dms/monoHotel-Hotel-Saratoga/servicios/sala-conferencias/saladeconferencias/document/saladeconferencias.jpg", "condition": "", "capacity": 100}}, {"model": "inventario_cei.space", "pk": 78, "fields": {"name": "sala03", "description": "", "image": "https://www.hotelsaratoga.com/.imaging/stk/hTtGeneric/bootstrapGalleryImageBig/dms/monoHotel-Hotel-Saratoga/servicios/sala-conferencias/saladeconferencias/document/saladeconferencias.jpg", "condition": "", "capacity": 100}}, {"model": "inventario_cei.space", "pk": 79, "fields": {"name": "sala01", "description": "", "image": "https://www.hotelsaratoga.com/.imaging/stk/hTtGeneric/bootstrapGalleryImageBig/dms/monoHotel-Hotel-Saratoga/servicios/sala-conferencias/saladeconferencias/document/saladeconferencias.jpg", "condition": "", "capacity": 100}}, {"model": "inventario_cei.space", "pk": 80, "fields": {"name": "sala02", "description": "", "image": "https://www.hotelsaratoga.com/.imaging/stk/hTtGeneric/bootstrapGalleryImageBig/dms/monoHotel-Hotel-Saratoga/servicios/sala-conferencias/saladeconferencias/document/saladeconferencias.jpg", "condition": "", "capacity": 100}}, {"model": "inventario_cei.space", "pk": 81, "fields": {"name": "sala03", "description": "", "image": "https://www.hotelsaratoga.com/.imaging/stk/hTtGeneric/bootstrapGalleryImageBig/dms/monoHotel-Hotel-Saratoga/servicios/sala-conferencias/saladeconferencias/document/saladeconferencias.jpg", "condition": "", "capacity": 100}}, {"model": "inventario_cei.space", "pk": 82, "fields": {"name": "sala01", "description": "", "image": "https://www.hotelsaratoga.com/.imaging/stk/hTtGeneric/bootstrapGalleryImageBig/dms/monoHotel-Hotel-Saratoga/servicios/sala-conferencias/saladeconferencias/document/saladeconferencias.jpg", "condition": "", "capacity": 100}}, {"model": "inventario_cei.space", "pk": 83, "fields": {"name": "sala02", "description": "", "image": "https://www.hotelsaratoga.com/.imaging/stk/hTtGeneric/bootstrapGalleryImageBig/dms/monoHotel-Hotel-Saratoga/servicios/sala-conferencias/saladeconferencias/document/saladeconferencias.jpg", "condition": "", "capacity": 100}}, {"model": "inventario_cei.space", "pk": 84, "fields": {"name": "sala03", "description": "", "image": "https://www.hotelsaratoga.com/.imaging/stk/hTtGeneric/bootstrapGalleryImageBig/dms/monoHotel-Hotel-Saratoga/servicios/sala-conferencias/saladeconferencias/document/saladeconferencias.jpg", "condition": "", "capacity": 100}}, {"model": "inventario_cei.space", "pk": 85, "fields": {"name": "sala01", "description": "", "image": "https://www.hotelsaratoga.com/.imaging/stk/hTtGeneric/bootstrapGalleryImageBig/dms/monoHotel-Hotel-Saratoga/servicios/sala-conferencias/saladeconferencias/document/saladeconferencias.jpg", "condition": "", "capacity": 100}}, {"model": "inventario_cei.space", "pk": 86, "fields": {"name": "sala02", "description": "", "image": "https://www.hotelsaratoga.com/.imaging/stk/hTtGeneric/bootstrapGalleryImageBig/dms/monoHotel-Hotel-Saratoga/servicios/sala-conferencias/saladeconferencias/document/saladeconferencias.jpg", "condition": "", "capacity": 100}}, {"model": "inventario_cei.space", "pk": 87, "fields": {"name": "sala03", "description": "", "image": "https://www.hotelsaratoga.com/.imaging/stk/hTtGeneric/bootstrapGalleryImageBig/dms/monoHotel-Hotel-Saratoga/servicios/sala-conferencias/saladeconferencias/document/saladeconferencias.jpg", "condition": "", "capacity": 100}}, {"model": "inventario_cei.reserve", "pk": 7, "fields": {"start": "2018-07-05T06:34:34.113Z", "finish": "2018-07-05T15:34:34.113Z", "state": "p", "user": 63, "object": null, "space": 70}}, {"model": "inventario_cei.reserve", "pk": 8, "fields": {"start": "2018-07-05T06:34:34.191Z", "finish": "2018-07-05T15:34:34.191Z", "state": "p", "user": 64, "object": null, "space": 71}}, {"model": "inventario_cei.reserve", "pk": 9, "fields": {"start": "2018-07-05T06:34:34.270Z", "finish": "2018-07-05T15:34:34.269Z", "state": "p", "user": 65, "object": null, "space": 72}}, {"model": "inventario_cei.reserve", "pk": 10, "fields": {"start": "2018-07-05T15:40:58.513Z", "finish": "2018-07-06T00:40:58.495Z", "state": "p", "user": 63, "object": null, "space": 73}}, {"model": "inventario_cei.reserve", "pk": 11, "fields": {"start": "2018-07-05T15:40:58.629Z", "finish": "2018-07-06T00:40:58.629Z", "state": "p", "user": 64, "object": null, "space": 74}}, {"model": "inventario_cei.reserve", "pk": 12, "fields": {"start": "2018-07-05T15:40:58.718Z", "finish": "2018-07-06T00:40:58.718Z", "state": "p", "user": 65, "object": null, "space": 75}}, {"model": "inventario_cei.reserve", "pk": 13, "fields": {"start": "2018-07-05T15:41:21.484Z", "finish": "2018-07-06T00:41:21.484Z", "state": "p", "user": 63, "object": null, "space": 76}}, {"model": "inventario_cei.reserve", "pk": 14, "fields": {"start": "2018-07-05T15:41:21.619Z", "finish": "2018-07-06T00:41:21.618Z", "state": "p", "user": 64, "object": null, "space": 77}}, {"model": "inventario_cei.reserve", "pk": 15, "fields": {"start": "2018-07-05T15:41:21.751Z", "finish": "2018-07-06T00:41:21.751Z", "state": "p", "user": 65, "object": null, "space": 78}}, {"model": "inventario_cei.reserve", "pk": 16, "fields": {"start": "2018-07-05T15:41:37.462Z", "finish": "2018-07-06T00:41:37.462Z", "state": "p", "user": 63, "object": null, "space": 79}}, {"model": "inventario_cei.reserve", "pk": 17, "fields": {"start": "2018-07-05T15:41:37.530Z", "finish": "2018-07-06T00:41:37.529Z", "state": "p", "user": 64, "object": null, "space": 80}}, {"model": "inventario_cei.reserve", "pk": 18, "fields": {"start": "2018-07-05T15:41:37.652Z", "finish": "2018-07-06T00:41:37.651Z", "state": "p", "user": 65, "object": null, "space": 81}}, {"model": "inventario_cei.reserve", "pk": 19, "fields": {"start": "2018-07-05T15:46:32.532Z", "finish": "2018-07-06T00:46:32.532Z", "state": "p", "user": 63, "object": null, "space": 82}}, {"model": "inventario_cei.reserve", "pk": 20, "fields": {"start": "2018-07-05T15:46:32.622Z", "finish": "2018-07-06T00:46:32.622Z", "state": "p", "user": 64, "object": null, "space": 83}}, {"model": "inventario_cei.reserve", "pk": 21, "fields": {"start": "2018-07-05T15:46:32.744Z", "finish": "2018-07-06T00:46:32.744Z", "state": "p", "user": 65, "object": null, "space": 84}}, {"model": "inventario_cei.reserve", "pk": 22, "fields": {"start": "2018-07-05T15:47:06.066Z", "finish": "2018-07-06T00:47:06.066Z", "state": "p", "user": 63, "object": null, "space": 85}}, {"model": "inventario_cei.reserve", "pk": 23, "fields": {"start": "2018-07-05T15:47:06.144Z", "finish": "2018-07-06T00:47:06.144Z", "state": "p", "user": 64, "object": null, "space": 86}}, {"model": "inventario_cei.reserve", "pk": 24, "fields": {"start": "2018-07-05T15:47:06.222Z", "finish": "2018-07-06T00:47:06.222Z", "state": "p", "user": 65, "object": null, "space": 87}}]